Tweet,Cleaned_Tweet,Spam
giddy up ausae firm sells technical analysis horse for and clinches deal for virtual,giddy ausae firm sell horse clinch deal virtual,0.0
that is how you get from zero chf eur use code teachin in your ch app usd use this link and you will get of free bitcoin chf eur,zero chf eur use code teachin ch app usd use link free chf eur,0.0
technical analysis awoniyi breakout for ethereum by on the primary market season level serial price sorare analysis,awoniyi primary market season level serial price,1.0
breakout people will pay the unrealized gain technical analysis and look at how these lunatic crypto geniuses are freaking out do not get your financial advice from twitter folks,people pay unrealized gain look lunatic genius freak financial advice twitter folk,0.0
will re activate payments for purchases at update from the bitcoin mining council,activate payment purchase update mining council,0.0
the project is very attractive because the team is very professional with good back ground of crypto industry this is the major factor that can make this project very successful,project attractive team professional good ground industry major factor make project successful,1.0
open interest in cme futures contracts has increased by over the cousa of october this is in part driven by the introduction of the etf product this represents a growth in open interest since the end of september,open cme future contract increase cousa october drive introduction etf product represent growth open end september,0.0
avaxtether is creating a descending channel check the post,avaxtether create descending channel check post,0.0
breaking in the yearly cycles but at the same time hitting technical analysis around in october movement bars primary cycles suggests movement usade and currently trading in an orderly pattern each week weekly bars technical analysis remains this quarter,break yearly cycle time hit october bar primary cycle suggest usade currently trading orderly pattern week weekly bar remain quarter,0.0
erling haaland breakout for ethereum by ydm no trades currently just ethereum on the primary market season level serial price sorare analysis,erling haaland ydm trade currently just primary market season level serial price,1.0
pocoland announces chainlink integration to secure its nft marketplace randomize in game breeding pocoland continue to make technical analysis progress as it integrates crypto heavyweight read the full post on bscn,pocoland announces chainlink integration secure marketplace randomize game breeding pocoland continue make progress integrate heavyweight read post bscn,0.0
avalanche can leave ethereum in the dust with its speedy transactions avalanche ccc avax usd is a fast emerging crypto and ethereum ccc ethereum usd competitor that promises to deliver fast transaction speeds it is an advanced blockchain platform designed to overcome is,avalanche leave dust speedy transaction avalanche ccc avax usd fast emerging ccc usd competitor promise deliver fast transaction speed advanced blockchain platform design overcome,1.0
need to make movement save movement while shopping get discounts on travel check out my website,need make save shop discount travel check website,0.0
movement company crypto for branding on an exchange we have a new crytpo coin that we would like to movement on an exchange budget usd jobs bitcoin blockchain bulk marketing ethereum internet click link to apply,company brand exchange new crytpo coin like exchange budget usd job blockchain bulk marketing internet click link apply,1.0
card neoxcard is an excellent project that seeks to provide the crypto communithank you with a movement platform for new business ideas in the technical analysis of optimal strategies,card neoxcard excellent project seek provide communithank platform new business idea optimal strategy,1.0
the project carries special meaning in the crypto industry this project has a great team that always gives creative ideas this team work is very positive for success,project carry special meaning industry project great team creative idea team work positive success,1.0
binance we re aware you are invested in the big dog coins put into bitcoin when it s and when it hits congrats you made profit,binance aware invest big dog coin hit congrats make profit,0.0
as first bitcoin futures etf debusa check out this blockchain etf,future etf debusa check blockchain etf,0.0
whatever you do not sleep on technical analysis they are stealth launching soon and already have an exchange live using binance partnership this is their tg technical analysis,sleep stealth launch soon exchange live use binance partnership,0.0
i am very confident that this company will occupy a leading position on the market do not miss this opportunithank you let us support and join this project,confident company occupy leading position market miss opportunithank let support join project,1.0
the alumnus received bitcoin valued at two signed brady jerseys a signed helmet a mike evans signed jersey and game cleats instore credit at the team store and season tickets for and,alumnus receive value sign brady jersey sign helmet mike evans sign jersey game cleat instore credit team store season ticket,1.0
facing a ma cluster of with confluence of the mid range on the pair flip it and we will likely see a nice expansion last time we fipped such a cluster back in february we saw movement in weeks time highor,face ma cluster confluence mid range pair flip likely nice expansion time fipped cluster february saw week time highor,0.0
reddit seeks senior engineer for platform that features nft backed technical analysis goods,reddit seek senior engineer platform feature backed good,1.0
reddit seeks senior engineer for platform that features nft backed technical analysis goods news,reddit seek senior engineer platform feature backed good news,1.0
technical analysis movement breakout for ethereum on the secondary market season level serial price sorare analysis,secondary market season level serial price,1.0
anthony movement breakout for ethereum on the secondary market season level serial price sorare analysis,anthony secondary market season level serial price,1.0
of nba teams have a crypto company as their primary jersey sponsor for the season movement than of teams are sponsored by a fintech company,nba team company primary jersey sponsor season team sponsor fintech company,1.0
why movement corporates are considering adding crypto assets to their corporate treasuries,corporates consider add asset corporate treasury,0.0
nft social susaription platform showme completes seed round financing,social susaription platform showme completes seed round financing,1.0
robert lewandowski breakout for ethereum by on the primary market season level serial price sorare analysis,robert lewandowski primary market season level serial price,1.0
it does not make sense for a coin ethereum valued in to not be an alternative asset of can the market cap of ethereum pass bitcoin s sure but i believe bitcoin and ethereum serve different purposes,make sense coin value alternative asset market cap pas sure believe serve different purpose,0.0
is there a site that has a calendar of upcoming drops for ethereum projects,site calendar upcoming drop project,1.0
reddit seeks senior engineer for platform technical analysis nft backed technical analysis products bitcoin news,reddit seek senior engineer platform product news,1.0
bitcoin was trading at up as of a m eastern time this movement,trade m eastern time,0.0
bitcoin rose as high as bringing its gain for the year to movement new delhi bitcoin rallied to a record topping for the first time read movement,rise high bring gain year new delhi rally record topping time read,0.0
sindh high court constituted a high power committee to furnish a report on possible regulation of transactions in movement analysis,sindh high court constitute high power committee furnish report possible regulation transaction,0.0
robert lewandowski breakout for ethereum by willzer on the primary market season level serial price sorare analysis,robert lewandowski willzer primary market season level serial price,1.0
of crypto looking like it wants inches tps in pink trail stops on the way up keep movement bag,look like want inch tps pink trail stop way bag,0.0
mashinsky says tether is minted for crypto as breakout you offered to unpick reserves,mashinsky say tether mint offer unpick reserve,0.0
djibril sidib breakout for ethereum by technical on the primary market season level serial price sorare analysis,djibril sidib primary market season level serial price,1.0
this is a very cool and innovative project this project in the future will be very helpful in the world of crypto the project is very promising for investors because the idea is really good,cool innovative project project future helpful world project promise investor idea really good,1.0
potential themes for pharma cyber securithank you crypto,potential theme pharma cyber securithank,0.0
this project is very good project i really like this project because this project manager is very honest i hope this project was successful this project will positively change the crypto world for the better having great visions and a great team,project good project really like project project manager honest hope project successful project positively change world good great vision great team,1.0
vitor ferreira breakout for ethereum on the secondary market season level serial price sorare analysis,vitor ferreira secondary market season level serial price,1.0
i was hacked and lost worth of coin i got depressed until i was introduced me to this guy on technical analysis who helped me got back my funds they help resolve hacked wallet and stolen funds and token stuck tether or crypto coins no phase needed you can technical analysis him,hack lose worth coin depressed introduce guy help fund help resolve hacked wallet steal fund token stuck tether coin phase need,0.0
he really didn t that is like saying ethereum isn t decentralized because it s dependent on the value of ethereum and the value of ethereum is it s single point of failure,really didn t like say isn t decentralize dependent value value single point failure,0.0
jurri n timber breakout for ethereum on the secondary market season level serial price sorare analysis,jurri n timber secondary market season level serial price,1.0
professionell re konstruieren team antreibenn mit buy or rent this crazy breakout send me a tweet,professionell konstruieren team antreibenn mit buy rent crazy send tweet,1.0
according to tokenview the number of addresses holders is million the number of transactions in housais there are unconfirmed transactions,accord tokenview number address holder million number transaction housais unconfirmed transaction,0.0
few movement back you could get a bayc for a ethereum and they technical analysis there for a day we had days to make it big unless your networking is top notch the big movement is gone don t miss out on the next big thing crypto gaming,bayc day day make big unless networking notch big don t miss big thing gaming,0.0
wesley american holidays are coming they all are ready to invest in crypto no one knows the future yet i am waiting for that elrond exchange lol,wesley american holiday come ready invest know future wait elrond exchange lol,0.0
too many woke people getting rich in ethereum we need to explore other layer,wake people rich need explore layer,0.0
despite the volatile nature of the cryptocurrency market ethereum has provided the best returns over the last year the blockchain of choice in decentralis read movement,despite volatile nature market provide best return year blockchain choice decentralis read,0.0
recognizing recent efforts by volunteer contributors on the translation team crypto crypto news,recognize recent effort volunteer contributor translation team news,1.0
bitcoin broke the mark like i said weeks ago it could easily touch by the eoy then the alt coins will run,break mark like say week ago easily touch eoy alt coin run,0.0
rusaan officials consider proposal to mine with associated gas,rusaan official consider proposal associated gas,0.0
markus schubert breakout for ethereum on the secondary market season level serial price sorare analysis,markus schubert secondary market season level serial price,1.0
i do not use fin docs but they are nice to look at and have some merit I am waiting until after bitcoin earnings,use fin doc nice look merit wait earnings,0.0
wonderful project this project is top listed this project is perfect from every angle i recommend you to see their announcement and work the project has the abilithank you to succeed with a reasonable idea and an effective team,wonderful project project list project perfect angle recommend announcement work project abilithank succeed reasonable idea effective team,1.0
bitcoin vs altcoins do not get caught two steps behind via,v altcoins catch step,0.0
fasten your seatbelt crypto s impact on marketing has only just begun,fasten seatbelt impact marketing just begin,1.0
maarten paes breakout for ethereum by roxy cdog on the primary market season level serial price sorare analysis,maarten paes roxy cdog primary market season level serial price,1.0
well as we have seen with numerous cases of crypto theft access is ownership and if someone with access just movement it into a different wallet that is their prerogative because it is theirs as proven by them having access,numerous case theft access ownership access just different wallet prerogative theirs prove access,0.0
this is definitely going to be huge the team has been an inspiration in their approaches towards achieving project so beautiful project and powerful my movement is illnesses please give me sir,definitely huge team inspiration approach achieve project beautiful project powerful illnesses sir,1.0
getting noisy again two cousins reached out to me to ask breakout today and yesterday,noisy cousin reach ask today yesterday,0.0
we can t blame proton for ethereum charging their users gas fees i can hodl buy and sell all on proton chain i have no reason to send to back to the burdensome ethereum network proton has a dex a decentralized wallet nft markets etc my can technical analysis safe on,t blame proton charge user gas fee hodl buy sell proton chain reason send burdensome network proton dex decentralize wallet market safe,0.0
for example in the future any technical analysis may use open source crypto payment tech to interact with a dominant entrenched ethereum based ad network but the ad network is a set of smart contracts that has no or dramatically reduced capacithank you for rent seeking,example future use open source payment tech interact dominant entrench base ad network ad network set smart contract dramatically reduce capacithank rent seek,0.0
intuitive app technical analysis low fees join breakout shameless shill,intuitive app low fee join shameless shill,1.0
you the best platform and concept great future and very experienced team always working behind this project so i think this projects will succeed this project team is very strong so everyone support the project,best platform concept great future experienced team work project think project succeed project team strong support project,1.0
technical analysis ethereum gearing for another lift off if it clears this level cryptollic,gear lift clear level cryptollic,0.0
scammers and psycopall time highs scammers and psycopall time highs scammers and psycopall time highs perfect match of completely centralized technologies and the people who lie breakout it,scammer psycopall time high scammer psycopall time high scammer psycopall time high perfect match completely centralize technology people lie,0.0
analysis this is definithank you going to be huge as the team has been an inspiration in their innovative approaches towards achieving the project goals and visions i am so glad to be part of the,definithank huge team inspiration innovative approach achieve project goal vision glad,1.0
junya ito breakout for ethereum by on the primary market season level serial price sorare analysis,junya ito primary market season level serial price,1.0
latin america tipping point bitcoin beach brazil colombia atms mining arg,latin america tip point beach brazil colombia atm mining arg,0.0
is it true that some ethereum collectors depreciate artists who sell on hen or is it just a myth,true collector depreciate artist sell hen just myth,0.0
join crypto basel with xx from in miami dcentralcon is the largest conference for nfts defi nov dec technical analysis days nft gallery join us you,join basel xx miami dcentralcon large conference defi nov dec day gallery join,1.0
is live on youtube as we discusa futures etf does this mean green light or red light for crypto with ceo of yellow card chris maurice kindly watch and share,live youtube discusa future etf mean green light red light ceo yellow card chris maurice kindly watch share,0.0
war is a meme in crypto or technical analysis world meme wins also if you want to be crypto or technical analysis native artists see if you yousalf or your work can become a meme,war meme world meme win want native artist yousalf work meme,0.0
i believe in the project s professional team that will bring the project to the top these are great opportunities for big investors to invest in this project which will bring breakout future success,believe project professional team bring project great opportunity big investor invest project bring future success,1.0
there s a recurring spam comment thread that happens in every bitcoin video we do on breakout all these very real people who ve made thousands investing with mrs sandra,recur spam comment thread happen video real people ve make thousand invest mr sandra,0.0
let us say hypothetically liquidated that billion he made yesterday on tsla stock put it into movement bitcoin what would happen to the price of bitcoin well after stupid technical analysis gains technical analysis before the even movement stupid unrealized technical analysis gains technical analysis is a thing,let say hypothetically liquidate billion make yesterday tsla stock happen price stupid gain stupid unrealized gain thing,0.0
gianluigi donnarumma breakout for ethereum by technical analysis b sit on the primary market season level serial price sorare analysis,gianluigi donnarumma b sit primary market season level serial price,1.0
one of the movement interesting and movement projects these days the platform and concept have great future do not forget to join analysis,interesting project day platform concept great future forget join,1.0
please go and follow my other twitter account on all things trading and crypto,follow twitter account thing trading,0.0
coinconnect good and confident technical analysis a large team that is interested in the rapid and powerful development of the project,coinconnect good confident large team interested rapid powerful development project,1.0
wow another scammer making false claims technical analysis jane entrepreneur legit classic businesswoman active successful binary trader trade crypto she does not have a cce she does not have a finra license series she is not affiliated,wow scammer making false claim jane entrepreneur legit classic businesswoman active successful binary trader trade cce finra license series affiliated,0.0
excellent thoughtful and balanced project soon everything the team will be able to bring the project to a new level in the near future hope to witness the project s success,excellent thoughtful balance project soon team able bring project new level near future hope witness project success,1.0
tesla s bitcoin holdings have earned the company billion in profit,tesla holding earn company billion profit,0.0
spent movement of the night trying to set up a new account for buying crypto failed due to issusawith post office breakout and residential address bs so much for becoming a crypto millionaire tonight stuck being a dollaraire for now,spent night try set new account buy fail issusawith post office residential address b millionaire tonight stick dollaraire,0.0
yahoofinance bitcoin etf demand so strong we could bring or new ones to market valkyrie ceo by,yahoofinance etf demand strong bring new market valkyrie ceo,0.0
new article bitcoin bitcoin technical analysis in hunt for new all time high get all the latest x related news here,new article hunt new time high late x relate news,0.0
the extensive study published on wednesday called on lawmakers to make wide ranging changes to encourage movement crypto business to the country and to movement legal pall time highways that prevent companies from accessing normal banking services,extensive study publish wednesday lawmaker make wide range change encourage business country legal pall time highways prevent company access normal banking service,0.0
realistically policy wise it s not the greatest i think it s bc f ing sinema is a giant pain in the ass and they need another source for pay fors,realistically policy wise great think bc f ing sinema giant pain need source pay fors,0.0
not so liquid does not use bitcoin it uses a pegged altcoin called liquid bitcoin it is like using wrapped bitcoin on ethereum but with less functionalithank you and developers supporting it,liquid use use pegged altcoin liquid like use wrap functionalithank developer support,0.0
not sure if this is real or not but if true it would open up a whole new avenue for nft s and crypto art or people will just put funny cat gifs as their profile pic i m kind of hoping for the latter tbh,sure real true open new avenue art people just funny cat gifs profile pic m kind hop tbh,0.0
florian wirtz breakout for ethereum by joeyloft on the primary market season level serial price sorare analysis,florian wirtz joeyloft primary market season level serial price,1.0
developers of all and projects list your on for free using the and get paid for it join the projects already listed technical analysis youyak for movement info,developer project list free use pay join project list youyak info,1.0
lars technical analysis breakout for ethereum on the secondary market season level serial price sorare analysis,lars secondary market season level serial price,1.0
ethereum nfts solana nfts brr brrr noot noot oogi oogi it s crazy out here i love,solana brr brrr noot noot oogi oogi crazy love,0.0
io nice to see team doing everything to that this project upwards and onwards i believe with the unique attributes of this project it will surely grow globally,io nice team project upwards onwards believe unique attribute project surely grow globally,1.0
the world is finally becoming educated breakout movement did this first time ever we have truly scarce hard movement,world finally educate time truly scarce hard,0.0
in september banned transactions in the country as a consequence of this the streisand effect took over that is the event drew movement attention to the subject and increased the demand for,september ban transaction country consequence streisand effect event draw attention subject increase demand,0.0
shorted ftx bitcoin perp every human screwed by a bank makes bitcoin adoption easier cryptododger,short ftx perp human screw bank make adoption easy cryptododger,0.0
lincolnshire breakout has of cryptocurrency seized by police the teenager set up a fake gift voucher website and breakout a haul of bitcoins whi,lincolnshire seize police teenager set fake gift voucher website haul bitcoins whi,0.0
when tom brady pusain a requsa it gets done on twitter the technical analysis bay quarterback asked cryptocurrency platform ftx to give a bitcoin to the fan who returned a special game ball,tom brady pusain requsa twitter bay quarterback ask platform ftx fan return special game ball,0.0
maximilian w ber breakout for ethereum by farid on the primary market season level serial price sorare analysis,maximilian w ber farid primary market season level serial price,1.0
janis blaswich breakout for ethereum by on the primary market season level serial price sorare analysis,janis blaswich primary market season level serial price,1.0
alban lafont breakout for ethereum on the secondary market season level serial price sorare analysis,alban lafont secondary market season level serial price,1.0
bitcoin node technical analysis support node count technical analysis non enforcing light unknown,node support node count non enforce light unknown,0.0
hello sir i am an admin of a social media and crypto movement with followers on twitter would you like to movement your media account through our page thank you if you interested please send me a message,hello sir admin social medium follower twitter like medium account page thank interested send message,0.0
a strong team is the key to successful business this project is exactly the structure that combines a brilliant and innovative idea with a strong and creative team,strong team key successful business project exactly structure combine brilliant innovative idea strong creative team,1.0
coins turn profits into marketing budgets turns profits into helping others like and has no marketing team or paid advertisements for a reason,coin turn profit market budget turn profit help like marketing team pay advertisement reason,1.0
karl toko ekambi breakout for ethereum on the secondary market season level serial price sorare analysis,karl toko ekambi secondary market season level serial price,1.0
the next shiba inu meme coins to keep on your crypto radar perhaps no other alternative cryptocurrency has had movement of an impact on the speculative technical analysis asset markets than shiba inu ccc shib usd between early april and early may of this year the price of shib,shiba inu meme coin radar alternative impact speculative asset market shiba inu ccc shib usd early april early year price shib,0.0
i love how elon musk literally controls the crypto market what a great environment to invest in,love elon musk literally control market great environment invest,0.0
ethereum for one and dapper didn t seem to interested in carrying on with the project after the initial tournament,dapper didn t interested carry project initial tournament,1.0
so technical brady should have given the kid what lol tom brady s record touchdown ball is worth by,brady kid lol tom brady record touchdown ball worth,0.0
please ethereum validators do not make me wait to long and approve my transaction quickly d,validators make wait long approve transaction quickly d,0.0
effective crypto regulation technical analysis time and caution warren and explain why,effective regulation time caution warren explain,0.0
el salvadorans are converting their usd to bitcoin as interest in bitcoin soars,el salvadoran convert usd soar,0.0
token developers of all and projects list your on for free using the and get paid for it join the projects already listed technical analysis youyak for movement info analysis,token developer project list free use pay join project list youyak info,1.0
breakout whistleblower says she is fine financially because of buying crypto at the right time benzinga,whistleblower say fine financially buy right time benzinga,0.0
looking forward to a dialogue with some of the premiere minds in technical analysis assets and in particular,look forward dialogue premiere mind asset particular,0.0
apple computers and comparison for technical by dalin anderson,apple computer comparison dalin anderson,0.0
people call bitcoin magic internet movement meanwhile fiat currency is literally just paper and numbers on a screen,people magic internet fiat currency literally just paper number screen,0.0
mat as dituro breakout for ethereum by barrowb on the primary market season level serial price sorare analysis,mat dituro barrowb primary market season level serial price,1.0
birb breakout to technical analysis my lifting sess lfg,birb lift sess lfg,0.0
erling haaland breakout for ethereum by dinko on the primary market season level serial price sorare analysis,erling haaland dinko primary market season level serial price,1.0
the average consumer profile of a music artist is neither breakout who dropped out as a fledgling hedge fund manager at goldman sachs nor is it a marketing project manager at an event agency who just happens to have a disposable income crypto prices out poor people,average consumer profile music artist drop fledgling hedge fund manager goldman sachs marketing project manager event agency just happen disposable income price poor people,0.0
what is it breakout an insane bull market that makes me just want to shitpost movement all your alts are going to zero lol ethereum is an unregistered securithank you and will get shut down lol litecoin s graph lol there i feel better but movement is sure to come,insane bull market make just want shitpost alt zero lol unregistered securithank shut lol litecoin graph lol feel sure come,0.0
product marketing manager crypto and fintech crypto crypto news,product marketing manager fintech news,1.0
remko pasveer breakout for ethereum on the secondary market season level serial price sorare analysis,remko pasveer secondary market season level serial price,1.0
I am inviting you to technical analysis investing in crypto with voyager download the app and trade to get of free bitcoin use code or this link to claim your bitcoin youd,invite invest voyager download app trade free use code link claim youd,0.0
my unpopular but technical correct opinion on analysis,unpopular correct opinion,0.0
the network can handle tx day max handles tx day currently and it is still early for their ecosystem handles double the processing power of today and saves how much movement in gas fees,network handle tx day max handle tx day currently early ecosystem handle double process power today save gas fee,0.0
ethereum a communithank you run charithank you cryptocurrency project has fully launched on the ethereum blockchain after movement of ground work by an all volunteer team to rescue technical analysis and rebrand the abandoned grumpy finance project,communithank run charithank project fully launch blockchain ground work volunteer team rescue rebrand abandon grumpy finance project,1.0
and even if people do build wonderful stuff on that is still bitcoin with craig wright so same result,people build wonderful stuff craig wright result,0.0
trading credit spreads option credit spreads crypto crypto news,trading credit spread option credit spread news,0.0
paulo dybala breakout for ethereum on the secondary market season level serial price sorare analysis,paulo dybala secondary market season level serial price,1.0
matt turner breakout for ethereum by noblehesse on the primary market season level serial price sorare analysis,matt turner noblehesse primary market season level serial price,1.0
a good project and strong team in a technical analysis and transparent road map planned and project i think in the near future we will see an unprcedented growth of this project you,good project strong team transparent road map plan project think near future unprcedented growth project,1.0
breakout for ethereum by farid on the primary market season level serial price sorare analysis,farid primary market season level serial price,1.0
i use wazirx bitcoin exchange and love it their latest unique feature smart token fund helps crypto investors find expert traders and let them manage their cryptocurrency portfolio check it out,use wazirx exchange love late unique feature smart token fund help investor expert trader let manage portfolio check,0.0
some etfs actually buy the underlying movement you like gld others trade the futures like uso those that trade the futures suffer from technical analysis as they must roll forward such is the case with the bitcoin etf,etfs actually buy underlying like gld trade future like uso trade future suffer roll forward case etf,0.0
defi dipshits yanking crank to crypto don t actually use it at currency they don t buy groceries with breakout dollars it s a pyramid scheme at the roulette technical analysis the killer app for crypto is ransomware it shusadown technical analysis water treatment does real harm to real people,defi dipshits yank crank don t actually use currency don t buy grocery dollar pyramid scheme roulette killer app ransomware shusadown water treatment real harm real people,0.0
how long did it technical analysis for ethereum to build their eco system after smart contracts launched movement ok,long build eco smart contract launch ok,0.0
bitcoin closes in on its all time high after the etf launch when do you think we will get a new all time high,close time high etf launch think new time high,0.0
card amazing project going to change crypto world going to create history very hardworking team member,card amaze project change world create history hardworking team member,1.0
breakout rare cryptochainer collection cards xcp rare pepe emblem vault ethereum by emblemvault for ethereum,rare cryptochainer collection card xcp rare pepe emblem vault emblemvault,0.0
voting communithank you is rewarded weekly with newly minted ipts thereby encouraging participants to participate actively the voting power of each investor is proportional to the number of technical analysis ipts they hold,vote communithank reward weekly newly mint ipts encourage participant participate actively vote power investor proportional number ipts hold,0.0
to have and to hodl welcome to love in the age of cryptocurrency movement,hodl welcome love age,0.0
yann sommer breakout for ethereum by silversurfer on the primary market season level serial price sorare analysis,yann sommer silversurfer primary market season level serial price,1.0
our team is working on a pfp sthank youle generative art project technical analysis with the genesis curious creature collection the digitization of my movement painted giraffe along with movement painted attributes backgrounds skins etc built on the ethereum blockchain,team work pfp sthank youle generative art project genesis curious creature collection digitization paint giraffe paint attribute background skin build blockchain,1.0
china bans but movement chinese want chinese investors flock to the wild west in crypto,china ban chinese want chinese investor flock wild west,0.0
tesla tsla holds on to it is xbt investment bloomberg,tesla tsla hold xbt investment bloomberg,0.0
this is really an excellent project with big ambitions follow us to technical analysis tuned this very good company and amazing team i will introduce this project to people i know,really excellent project big ambition follow tune good company amazing team introduce project people know,1.0
mid citizens in the west technical analysis noticing the rise in human development of cardano technical analysis countries and demanding the same crypto oligarchs eventually relented with us and eu reaching out to ghana and ethereum to learn cardano best practices to implement at home fin,mid citizen west notice rise human development cardano country demand oligarch eventually relent eu reach ghana learn cardano best practice implement home fin,0.0
hello i am a marketing admin of a crypto movement in twitter and on telegram do you have any project or page that needs movement feel free to technical analysis me if you have have a good day rikky,hello marketing admin twitter telegram project page need feel free good day rikky,1.0
on chain technical analysis shows nearly of dogecoin doge holders are in profit,chain nearly dogecoin doge holder profit,0.0
novel ideas by brands are driving crypto awareness but are you aware play our weekly crypto quiz and win exciting rewards from first participants also win lite membership,novel idea brand drive awareness aware play weekly quiz win exciting reward participant win lite membership,0.0
technical analysis of defi it has a deflationary system hodlers receive part of the network fee grid fee will finance technical analysis energy projects permanent liquidithank you system platform audited by certik,defi deflationary hodlers receive network fee grid fee finance energy project permanent liquidithank platform audit certik,1.0
i want to say thanks to tdv for pushing me to do my research and studying bitcoin last year once i went down the rabbithole the exit was on the other side i simply could not come back out from the fiat hole I would stepped in from wish I would been following you gusaback in,want say thanks tdv push research study year rabbithole exit simply come fiat hole step wish follow gusaback,0.0
mariah carey teams up with winklevoss twins cryptocurrency platform for education campaign,mariah carey team winklevoss twin platform education campaign,1.0
bronson chamberz and i agree with breakout of you here this was my joke there is a class of autist we have all met them who is sitting on low figures of crypto does not buy any car lives in walkable cities and rents and is going to irrationally hodl until it is too late to buy anything lol,bronson chamberz agree joke class autist meet sit low figure buy car life walkable city rent irrationally hodl late buy lol,0.0
the first bitcoin futures exchange traded fund etf the proshares bitcoin strategy fund has seen its assets under management swell to million on its first day of trading the fund had million of seed technical analysis at the technical analysis of the day,future exchange trade fund etf proshares strategy fund asset management swell million day trade fund million seed day,0.0
at least in theory i think they refer to web as the possibilithank you of decentralized infrastructure for example ethereum miners are running software solidithank you not just approving transactions so in theory we could have a fully decentralized software platform,theory think refer web possibilithank decentralize infrastructure example miner run software solidithank just approve transaction theory fully decentralize software platform,0.0
new article crypto analysis explains when right time is to buy solana get all the latest x related news here,new article explain right time buy solana late x relate news,0.0
this project has developed by a strong and promising team and a long term opportunithank you to make big profits from this project so gusasupport this project will give you a lot website,project develop strong promising team long term opportunithank make big profit project gusasupport project lot website,1.0
sanctions have never worked anyway freedom wins treasury says crypto reduces efficacy of us sanctions seeks movement funding via,sanction work freedom win treasury say reduces efficacy sanction seek funding,0.0
is it amazing how the crypto crash back in march was after listed on the and now the nft crash is after announced its own nft platform,amaze crash march list crash announce platform,1.0
owen wijndal breakout for ethereum on the secondary market season level serial price sorare analysis,owen wijndal secondary market season level serial price,1.0
theres still a ton of people who heard of nfts but still dont know what ethereum and opensea is,ton people hear dont know opensea,0.0
it is team is very friendly and very hardworking which is reflecting in thier work and their project idea is movement reliable in this current world than i expected,team friendly hardworking reflect thier work project idea reliable current world expect,1.0
close your short now and short a little higher again,close short short little high,0.0
cheat sheet probable macro cycle media attention the bull cycle continusa loving the gains,cheat sheet probable macro cycle medium attention bull cycle continusa love gain,0.0
are there other classifications of crypto projects that i missed bitcoin blockchain hidden transaction blockchain smart contract blockchain storage sia,classification project miss blockchain hidden transaction blockchain smart contract blockchain storage sia,0.0
bitgame platform is doing a great job so in the coming days they will give us some extraordinary opportunities that we cannot imagine really happy to join this growing platform you,bitgame platform great job come day extraordinary opportunity imagine really happy join grow platform,1.0
tell you what the bear market that follows this next bull phase will rip the arse out of of the market and the hearts of a good of us technical analysis technical analysis a bag of technical analysis just in case you know for a rainy day coz in a bear market,tell bear market follow bull phase rip arse market heart good bag just case know rainy day coz bear market,0.0
join this live session movement by official ghana and become a part of the communithank you of crypto owners and traders technical analysis their financial freedom into their own hands,join live session official ghana communithank owner trader financial freedom hand,1.0
am i right in my technical analysis that technical analysis is a crypto buzzword for lend so you lent some ethereum via a mechanism and got it back with interest,right buzzword lend lend mechanism,0.0
y all check out project it s a solid project that uses technical analysis government movement to achieve movement ecosystem and it native token will be listed on one of the global crypto exchange,y check project solid project use government achieve ecosystem native token list global exchange,0.0
this is amazing and movement project includes all good things great team great idea and great vision team of this project has great potential to make this project as a team leader,amazing project include good thing great team great idea great vision team project great potential make project team leader,1.0
patrik schick breakout for ethereum on the secondary market season level serial price sorare analysis,patrik schick secondary market season level serial price,1.0
new york yankees technical analysis manager aaron breakout and it is hardly surprising,new york yankee manager aaron hardly surprising,0.0
sees its highest ever daily close as bitcoin euro pair hits all time highs,high daily close euro pair hit time high,0.0
sensus noted your reminder will be on movement december at gmt,sensus note reminder december gmt,0.0
exactly that s why the price is going up this is the adoption of a new asset class everyone is right on this one and that is why everyone is buying because this puck is going to a million dollars a coin this is a once in humanithank you event is being adopted,exactly price adoption new asset class right buy puck million dollar coin humanithank event adopt,0.0
you app this project looks very interesting i am interested and i will support this project until it is successful according to the plan that has been set you analysis,app project look interesting interested support project successful accord plan set,1.0
kamal sulemana breakout for ethereum by viperpg on the primary market season level serial price sorare analysis,kamal sulemana viperpg primary market season level serial price,1.0
you or the singularithank you or bitcoin or whatever it is that you have seized on as the answer,singularithank seize answer,0.0
i encourage you gusato join this learn and benefit for free is not just breakout movement,encourage gusato join learn benefit free just,1.0
when of the population or movement realise that inflation is a serious problem there ll be a massive movement out of cash breakout and stock and in to sound movement like and watch on goldcore tv,population realise inflation problem ll massive cash stock sound like watch goldcore tv,0.0
this will cause everything that was already going to crash to appear as if it did so due to investors sell offs the world will pile into halt mms celebs will scramble to buy up crypto breakout bc distraction works and yousald un halt settlement,cause crash appear investor sell offs world pile halt mm celebs scramble buy bc distraction work yousald halt settlement,0.0
in part of crypto alpha celebration for reaching followers i would like to technical analysis this movement and thank all the people in our communithank you for their continuous support for that crypto alpha is going to arrange a communithank you giveaway soon analysis,alpha celebration reach follower like thank people communithank continuous support alpha arrange communithank giveaway soon,0.0
gm the first we sold was the pixiedogs and then the pixiedogs was sold actual it seems the market freezes in front of rising ethereum maybe polygon where the alternative how is your experience with polygon,gm sell pixiedogs pixiedogs sell actual market freeze rise maybe polygon alternative experience polygon,0.0
williams breakout for ethereum on the secondary market season level serial price sorare analysis,williams secondary market season level serial price,1.0
kingsley coman breakout for ethereum on the secondary market season level serial price sorare analysis,kingsley coman secondary market season level serial price,1.0
me waiting for my crypto to join oh and i saw this picture and it reminded me of you lol,wait join oh saw picture remind lol,1.0
project with wdoge ethereum tokens could be technical analysis investors could gain liquidithank you pool earnings aw team up ethereum reflections is relatively new to if wdoge erc bsc chain bridged bep we could do token reflection on breakout sides,project wdoge token investor gain liquidithank pool earnings aw team reflection relatively new wdoge erc bsc chain bridge bep token reflection,1.0
one of the best technical analysis crypto wealth management platform with a great team please join and earn do not miss out it is very well great opportunithank you,best wealth management platform great team join earn miss great opportunithank,1.0
movement horn breakout for ethereum by arielsharon on the primary market season level serial price sorare you analysis,horn arielsharon primary market season level serial price,1.0
how to watch young breakout vs villarreal live stream tv channel technical analysis time for wednesday s champions league game,watch young vs villarreal live stream tv channel time wednesday champion league game,0.0
joshua kimmich breakout for ethereum by wwii on the primary market season level serial price sorare analysis,joshua kimmich wwii primary market season level serial price,1.0
i lost with my last i brought a samsung galaxy I am still here my perspective never changed just get movement autistic,lose bring samsung galaxy perspective change just autistic,0.0
third gas fees although opensea says they are multi chain they focus on ethereum why high gas fees makes nft seem higher value and the movement movement yousaend on gas the less protective you will be of any ethereum you have left,gas fee opensea say multi chain focus high gas fee make high value yousaend gas protective leave,0.0
social profiles on the ethereum network you can even use nfts as technical analysis,social profile network use,0.0
think this project will be successful as transparency and safethank you is what we need to strengthen in the crypto world team is very strong and does everything wisely good luck team,think project successful transparency safethank need strengthen world team strong wisely good luck team,1.0
bitcoin communithank you you join this group on the app,communithank join group app,1.0
yes i did buy these because i have some movement to play with and i noticed the heavy marketing and volume and good tokenomics,yes buy play notice heavy marketing volume good tokenomics,1.0
bitcoin is rapidly becoming the global reserve cryptocurrency just like the dollar is to fiat currency technical analysis positive and love always dads,rapidly global reserve just like dollar fiat currency positive love dad,0.0
new article bitcoin bitcoin price an inch close to all time high what is stopping it to movement ahead get all the latest x related news here,new article price inch close time high stop ahead late x relate news,0.0
reddit seeks senior engineer for platform that features nft backed technical analysis goods bitcoin news,reddit seek senior engineer platform feature backed good news,1.0
reddit seeks senior engineer for platform that features nft backed technical analysis goods bitcoin news crypto crypto news,reddit seek senior engineer platform feature backed good news news,1.0
going to cent today if you are still looking for where to buy or technical analysis trading then use binance and get of any crypto you purchase back,cent today look buy trading use binance purchase,0.0
i really like this project because of this project s manager is very honest i hope this project will be successful and positively change the crypto world for the better,really like project project manager honest hope project successful positively change world good,1.0
another hour it is october at how we earn passive income with crypto it is not breakout getting rich quick it is breakout getting free quick july august sep join us technical analysis and proven,hour october earn passive income rich quick free quick july august sep join proven,1.0
andre blake breakout for ethereum on the secondary market season level serial price sorare analysis,andre blake secondary market season level serial price,1.0
reddit seeks senior engineer for platform that features nft backed technical analysis goods bitcoin news analysis,reddit seek senior engineer platform feature backed good news,1.0
stellar is currently much faster than bitcoin at the movement stellar is calibrated to produce a new block every to seconds being able to support thousands of transactions per second by comparison bitcoin produces a new block every minutes,stellar currently fast stellar calibrate produce new block second able support thousand transaction second comparison produce new block minute,0.0
reddit bitcoin difficulthank you spikes to new highs new york authorities technical analysis crypto lending sophia the breakout sold a,reddit difficulthank spike new high new york authority lending sophia sell,0.0
procter gamble raises some product prices first bitcoin futures etf b,procter gamble raise product price future etf b,0.0
carles gil breakout for ethereum on the secondary market season level serial price sorare analysis,carles gil secondary market season level serial price,1.0
wonderful triall time highon auctions but we would love to know which ships or parts are movement valuable one compared to the other one so we can have an technical analysis when buying and selling great work being done,wonderful triall time highon auction love know ship valuable compare buying selling great work,0.0
it is technical analysis to look like will build on ethereum to create the technical analysis while will build yet another payment network on bitcoin it is no wonder that mark is times wealthier than jack jack is a small brain thinker,look like build create build payment network wonder mark time wealthy jack jack small brain thinker,0.0
hedge fund manager mark yusko warned the bitcoin price could be due a pullback calling bitcoin bitcoin has hit a fresh all time high today read movement,hedge fund manager mark yusko warn price pullback hit fresh time high today read,0.0
from currency app for ios troy oz of gold was the all time high for in gold denominated terms,currency app io troy oz gold time high gold denominate term,0.0
movement technical analysis breakout for ethereum on the secondary market season level serial price sorare analysis,secondary market season level serial price,1.0
the max is mind blowing i have the and that s very impressive,max mind blow impressive,0.0
new article sec s approval of bitcoin etf technical analysis away a lot of technical analysis you in the market okcoin ceo get all the latest related news here,new article sec approval etf away lot market okcoin ceo late related news,0.0
igor diveev breakout for ethereum on the secondary market season level serial price sorare analysis,igor diveev secondary market season level serial price,1.0
the project has an effective capabilithank you with sensible ideas and a creative team has a technical analysis road map of action everyone must consider to see an impressive development,project effective capabilithank sensible idea creative team road map action consider impressive development,1.0
markets an australian committee has outlined measures to regulate the crypto industry,market australian committee outline measure regulate industry,0.0
south africa says that crypto isn t a financial product so agencies are powerless to do anything when theft and scams occur south africa also says crypto can t transferred to an exchange out of south africa,south africa say isn t financial product agency powerless theft scam occur south africa say t transfer exchange south africa,0.0
exchanges could prevent the kind of flash crash that bedeviled binance and bitcoin this week if they followed the stock market s example but will they via,exchange prevent kind flash crash bedevil binance week follow stock market example,0.0
movement mignolet breakout for ethereum on the secondary market season level serial price sorare analysis,mignolet secondary market season level serial price,1.0
result hit technical analysis achieved in just minutes one movement huge quick profit using leverage amazing calls by our team congrats premium members technical analysis read movement on ct oct am,result hit achieve just minute huge quick profit use leverage amazing team congrats premium member read ct oct,0.0
analysis of is a baas platform that provides no code smart contract low code dapp and other services to empower the nft defi and blockchain economy keep here,baas platform provide code smart contract low code dapp service empower defi blockchain economy,1.0
opinion tesla s earnings show is movement cautious and yes breakout without elon around,opinion tesla earnings cautious yes elon,0.0
matt o guendouzi breakout for ethereum by raffles on the primary market season level serial price sorare analysis,matt o guendouzi raffle primary market season level serial price,1.0
leroy san breakout for ethereum by silversurfer on the primary market season level serial price sorare analysis,leroy san silversurfer primary market season level serial price,1.0
this is definitely going to be huge as the team has been an inspiration in their innovative approaches towards achieving the project goals and visions i am so glad to be part of this rocketsparkles,definitely huge team inspiration innovative approach achieve project goal vision glad rocketsparkles,1.0
pay my rent pig paypal kofi crypto or bitcoin kik available for sessions and dick rates findo,pay rent pig paypal kofi kik available session dick rate findo,0.0
hertz s bid to become a meme stock is going well so far next up sears announces it will only technical analysis payment in bitcoin,hertz bid meme stock far sears announces payment,0.0
this to me is the first step in a thinly veiled crypto confiscation project similar to fdrs gold confiscation but in an accelerating dollar inflation era,step thinly veiled confiscation project similar fdrs gold confiscation accelerating dollar inflation era,1.0
gabriel technical analysis breakout for ethereum on the secondary market season level serial price sorare analysis,gabriel secondary market season level serial price,1.0
la people have this unique technical analysis illness,la people unique illness,0.0
auston trusthank you breakout for ethereum on the secondary market season level serial price sorare analysis,auston trusthank secondary market season level serial price,1.0
whale memes communithank you are definitely technical analysis but in my opinion this only goes do far bitcoin will be the best example of this i technical analysis a lot breakout such but I am fully prepared and ready to support a project that improves upon them by an order of magnitude,whale meme communithank definitely opinion far best example lot fully prepared ready support project improve order magnitude,1.0
there is an technical analysis global reset coming and soon if you are not holding gold silver or crypto you have your head in the sand,global reset come soon hold gold silver head sand,0.0
completely made up breakout technical analysis in the us caused by millions of millennials quitting their jobs after making millions on bitcoin doge ethereum and tesla,completely make cause million millennials quit job make million doge tesla,0.0
robert lewandowski breakout for ethereum by unagi on the primary market season level serial price sorare analysis,robert lewandowski unagi primary market season level serial price,1.0
getting hold of financial and technical analysis of at least four former ministers the sleuths have decided to dig deeper into the physical and technical analysis transactios to find out if they had invested in,hold financial minister sleuth decide dig deeper physical transactios invest,0.0
is on full on brazil tonga cbdcs scrambling imf terrified alibaba price predictions and so much movement,brazil tonga cbdcs scramble imf terrified alibaba price prediction,0.0
joshua kimmich breakout for ethereum by on the primary market season level serial price sorare analysis,joshua kimmich primary market season level serial price,1.0
we ve always been here me and have been active on here since but we recently expanded the team and they all joined bitcoin twitter,ve active recently expand team join twitter,1.0
seol yeong woo breakout for ethereum on the secondary market season level serial price sorare analysis,seol yeong woo secondary market season level serial price,1.0
a year old nusa from the usa technical analysis of nebraska has made trading a full time job earning him seven figure sales or at least million and spending movement time with his family,year old nusa usa nebraska make trade time job earn seven figure sale million spend time family,0.0
movement wellenreuther breakout for ethereum on the secondary market season level serial price sorare analysis,wellenreuther secondary market season level serial price,1.0
jurri n timber breakout for ethereum by hink on the primary market season level serial price sorare analysis,jurri n timber hink primary market season level serial price,1.0
update reached all technical analysis achieved massive profit cheers,update reach achieve massive profit cheer,0.0
nft token development technical analysis our developers have an in depth technical analysis of token technical analysis can help you build bespoke solutions on or any platform of your choice chat with us,token development developer depth token help build bespoke solution platform choice chat,0.0
good movement from africa to everyone in the world except the people who said will never be worth oct,good africa world people say worth oct,0.0
which ceo or team member of parachain project would you like to see on our discord channel already some joined,ceo team member parachain project like discord channel join,1.0
usd movement from ethereum to unknown wallet date gmt blockchain breakout technical analysis,usd unknown wallet date gmt blockchain,0.0
satoshi movement could come out of hiding provably sell all his pre mined bitcoin and publicly tell the world that ethereum better fulfils his vision for what bitcoin could be and maxis would still call ethereum a scam lol they just do not care breakout facts or realithank you,satoshi come hide provably sell pre publicly tell world good fulfil vision maxis scam lol just care fact realithank,0.0
hello i am a marketing technical analysis of a well known crypto project movement here want to gain real active followers on your account maybe stockholders to invest on your project if interested dm me here thanks and have a nice day,hello marketing know project want gain real active follower account maybe stockholder invest project interested dm thanks nice day,1.0
looking to diversify grow your portfolio with technical analysis regal assets is uniquely qualified to serve your precious technical analysis crypto needs click here to invest in gold crypto today,look diversify grow portfolio regal asset uniquely qualify serve precious need click invest gold today,0.0
deniz undav breakout for ethereum on the secondary market season level serial price sorare analysis,deniz undav secondary market season level serial price,1.0
price is narrative always has been fintwit self claimed deithank you on bitcoin and sure thing conviction is pretthank you frothed good fun on insanithank you i gusa folks want off fiat so bad they swarm to technical analysis manufactured scarcithank you do not get us jekyll hyde regulators at all,price narrative fintwit self claim deithank sure thing conviction pretthank froth good fun insanithank gusa folk want fiat bad swarm manufacture scarcithank jekyll hyde regulator,0.0
i also agree with when he said that nfts can be movement empowering than bitcoin in the sense that you can layer it and apply movement usecases and finally I am convinced of an incoming super cycle for and I am on the lookout for amazing projects like,agree say empower sense layer apply usecases finally convince incoming super cycle lookout amazing project like,0.0
this is a project which has a clear development plan an experienced team does everything to make the project the best using the latest blockchain technology we are building a ethereum crypto currency for everyone,project clear development plan experienced team make project best use late blockchain technology build currency,1.0
jay gorter breakout for ethereum by arbee on the primary market season level serial price sorare analysis,jay gorter arbee primary market season level serial price,1.0
cryptodragons next gen nft project set to technical analysis the ethereum blockchain by storm ein news,cryptodragons gen project set blockchain storm ein news,1.0
though bitcoin crossed this week to carve out a new all time high the ruling coin has seen some correction since then this quickly sobered up the read movement,cross week carve new time high ruling coin correction quickly sober read,0.0
light defi began as a concept for rewarding and celebrating knowledge everyone possesses knowledge but to share showcase and receive the benefit of one s own knowledge can be scarce for movement people,light defi begin concept reward celebrate knowledge possess knowledge share showcase receive benefit knowledge scarce people,0.0
the main thing is that the is actually locked up and in that is all of the emissions sell pressure will be pretthank you much erased but ethereum will keep getting burned make your bets accordingly,main thing actually lock emission sell pressure pretthank erase burned make bet accordingly,0.0
karim benzema breakout for ethereum by vanux on the primary market season level serial price sorare analysis,karim benzema vanux primary market season level serial price,1.0
movement brazilians own cryptocurrency than stocks breakout,brazilian stock,0.0
breakout for ethereum by jjchai on the primary market season level serial price sorare analysis,jjchai primary market season level serial price,1.0
technical analysis scarcithank you for sound movement can only be created once,scarcithank sound create,0.0
shorted bybit trading with cyrpto is not so different than buying and selling land on the movement,short bybit trading cyrpto different buy sell land,0.0
i m trying to spread the word on wearing my embroidered clothes from,m try spread word wear embroidered clothes,0.0
technical analysis chart offline in trading view will now be the go to chart for price just as attempts to break it is all time high the fate of many relies on that chart and information not a great place to be for the many get ready for the liquidation wicks you all,chart offline trading view chart price just attempt break time high fate relies chart information great place ready liquidation wicks,0.0
bitcoin futures etf debusawith highest ever first day natural volume of,future etf debusawith high day natural volume,0.0
i believe that this project will be able to realize its idea and technical analysis a worthy place in the crypto industry good luck gusa,believe project able realize idea worthy place industry good luck gusa,1.0
correction bitcoiner some socialists do a technical analysis down vid of a minute excerpt from my first public debate this past summer,correction bitcoiner socialist vid minute excerpt public debate past summer,0.0
movement is on life support around the globe should we continue performing cpr or is it time to pull the plug and switch to a technical analysis here s the non bitcoin related breakdown,life support globe continue perform cpr time pull plug switch non relate breakdown,0.0
new article bitcoin sees its highest ever daily close as bitcoin euro pair hits all time highs get all the latest x related news here,new article high daily close euro pair hit time high late x relate news,0.0
movement at john vallis bitcoin rapid fire podcast how bitcoin brings fin,john vallis rapid podcast brings fin,0.0
this is a very promising project and also the team doing great in this project i really admire its continuous development the project has very ambitious,promising project team great project really admire continuous development project ambitious,1.0
unbelievable is the consensus on the analysis project team that only people with a lot of movement are needed this is not a good event for governance tokens,unbelievable consensus project team people lot need good event governance token,1.0
dragons hello i am a marketing admin of a crypto movement in twitter and on telegram do you have any project or page that needs movement feel free to technical analysis me if you have have a good day rikky,dragon hello marketing admin twitter telegram project page need feel free good day rikky,1.0
bitcoin price faces hurdle why sma is the key crypto crypto news,price face hurdle sma key news,0.0
because the ethereum blockchain use cases are so varied the ethereum communithank you of developers is the largest movement blockchains and the communithank you of users is movement the movement active https,blockchain use case varied communithank developer large blockchains communithank user active http,0.0
in this post confirmed and screened affiliate marketing online procedures will likely be spoken breakout,post confirm screen affiliate marketing online procedure likely speak,1.0
universithank you project to unlock blockchain crypto crypto news,universithank project unlock blockchain news,1.0
lol there s a post on their reddit from a user saying their network has movement the daily transaction volume than the entire ethereum network so what do you expect they are working hard to add movement capacithank you over next several weeks,lol post reddit user say network daily transaction volume entire network expect work hard add capacithank week,0.0
soon you ll be able to purchase my paintings and artworks with bitcoin crypto currency each artwork will come with an nft that will be tied to the physical piece itself one cannot be sold without the other,soon ll able purchase painting artwork currency artwork come tie physical piece sell,0.0
salman khan unveils india s first crypto token gari know everything at a glance thanks,salman khan unveils india token gari know glance thanks,0.0
investors pumped a record breaking billion into crypto funds on heels of bitcoin etfs launch zycrypto,investor pump record break billion fund heel etf launch zycrypto,0.0
wendel breakout for ethereum on the secondary market season level serial price sorare analysis,wendel secondary market season level serial price,1.0
jan oblak breakout for ethereum by technical analysis on the primary market season level serial price sorare analysis,jan oblak primary market season level serial price,1.0
didn t think you d be a bitcoin guy considering you control the banking system,didn t think d guy consider control banking,0.0
breakout is shutting down next week crypto crypto news,shut week news,0.0
some wear watches some don t if a watch movement you to work harder rock it if you think spending movement on the coin vigilante watches is dumb you are wrong,wear watch don t watch work harder rock think spend coin vigilante watch dumb wrong,0.0
it is a very good project ethereum is a very solid cryptocurrency with a tendency to rise,good project solid tendency rise,1.0
thomas m ller breakout for ethereum by silversurfer on the primary market season level serial price sorare analysis,thomas m ller silversurfer primary market season level serial price,1.0
kylian mbapp breakout for ethereum on the secondary market season level serial price sorare analysis,kylian mbapp secondary market season level serial price,1.0
we came long ways from this summer dear padawans now let s chase all time high,come long way summer dear padawans let chase time high,0.0
is just a single technical analysis point movement from its previous all time high reached in mid april rally has pulled the technical analysis market cap breakout trillion for the first time,just single point previous time high reach mid april rally pull market cap trillion time,0.0
ripple deploys its first on demand liquidithank you tool in the middle east follow for the daily digest of news,ripple deploy demand liquidithank tool middle east follow daily digest news,0.0
movement of supply last active ma just reached a year high of ethereum previous year high of ethereum was observed on october view metric,supply active ma just reach year high previous year high observe october view metric,0.0
send me crypto or an nft on my coinbase wallet get your own crypto wallet at analysis just in case you want the long address,send coinbase wallet wallet just case want long address,0.0
the world s first was created in with the technical analysis goal of circumventing traditional finance,world create goal circumvent traditional finance,0.0
herv koffi breakout for ethereum on the secondary market season level serial price sorare analysis,herv koffi secondary market season level serial price,1.0
wait until you no long mei very high technical analysis movement will acabar ainda mais dont buy cow buy bitcoin,wait long mei high acabar ainda mais dont buy cow buy,0.0
the project is excellent and worthy in the crypto industry i think this project will work and it works because this project has a great team always giving creative ideas,project excellent worthy industry think project work work project great team creative idea,1.0
u nullc lol what the heck i pointed out that links to satoshi s posts were censored here and posted proof in response you gaslighted across multiple threads and slung ins,nullc lol heck point link satoshi post censor post proof response gaslighted multiple thread slung,0.0
nerd nite is live and online this thusaay at join us for technical analysis on bitcoin technical analysis and activism pl,nerd nite live online thusaay join activism pl,1.0
erling haaland breakout for ethereum by on the primary market season level serial price sorare analysis,erling haaland primary market season level serial price,1.0
here s why bitcoin s value has skyrocketed once again analysis,value skyrocket,0.0
i believe that the project will collect a good movement of movement for the technical analysis of the roadmap in full volume gusacrew is an excellent indicator the project is very good,believe project collect good roadmap volume gusacrew excellent indicator project good,1.0
krutches technical analysis were made in my crypto life,krutches make life,0.0
i think the adoption of etfs will push up bitcoin prices but not cross the chasm because etfs do not appeal to the masses it s not currency rall time higher if big tech company apple amazon etc adopts bitcoin it may cross the chasm,think adoption etf push price cross chasm etf appeal mass currency rall time high big tech company apple amazon adopts cross chasm,0.0
winner congratulations dm my admin with the link to this winning tweet to claim prize,winner congratulation dm admin link win tweet claim prize,0.0
have not even tried that sifchain is there an exchange for that d,try sifchain exchange d,0.0
if paper movement has not went to zero why would bitcoin,paper zero,0.0
i prefer maximum securithank you guarantees for now that is ethereum but movement on to roll usawhen good projects are minting there arbi optimism zk,prefer maximum securithank guarantee roll usawhen good project mint arbi optimism zk,1.0
karim david adeyemi breakout for ethereum by on the primary market season level serial price sorare analysis,karim david adeyemi primary market season level serial price,1.0
binance oh yeah and seeing banks fail people lose savings also contributed a lot movement at bank is a risk what i love breakout bitcoin is the only risk is the price but so far of my busaare now in profit,binance oh yeah bank fail people lose saving contribute lot bank risk love risk price far busaare profit,0.0
alpha me and the gang at cryptic crypto enjoy hunts how can we find out movement we have a crack team that seeks out these sorts of challenges,alpha gang cryptic enjoy hunt crack team seek sort challenge,1.0
we already have a salvadorian airline low costs and that accepts,salvadorian airline low cost accepts,0.0
good luck to this project and all his followers in the difficult matter the project is ideal and technical analysis for everyone good luck to everyone,good luck project follower difficult matter project ideal good luck,1.0
working in crypto be like no one even bats a fucking eyelid which makes us think everything we were led to believe re work culture in our previous corporate lives was all bullshit,work like bat fucking eyelid make think lead believe work culture previous corporate life bullshit,0.0
upcoming technical analysis events chainlink fall hackall time highon ethereum technical analysis update nyc conference,upcoming event chainlink fall hackall time highon update nyc conference,0.0
elon musk pumpt bitcoin en ethereum beste bank beste bank via,elon musk pumpt en beste bank beste bank,0.0
lars stindl breakout for ethereum by silversurfer on the primary market season level serial price sorare you analysis,lars stindl silversurfer primary market season level serial price,1.0
joey veerman breakout for ethereum on the secondary market season level serial price sorare analysis,joey veerman secondary market season level serial price,1.0
this is a unique project this is movement trusted project in crypto currency market this project future is very bright this is movement popular project and cool idea project this is one of the biggest project and clear roadmap project,unique project trust project currency market project future bright popular project cool idea project big project clear roadmap project,1.0
cody gakpo breakout for ethereum on the secondary market season level serial price sorare analysis,cody gakpo secondary market season level serial price,1.0
chatex chtx is the second largest crypto wallet and peertopeer trading platform operating within the telegram app movement technical analysis information is below breakout,chatex chtx second large wallet peertopeer trading platform operate telegram app information,1.0
tbh we should all catfish for bitcoin new mantra movement,tbh catfish new mantra,0.0
seamlessly convert zar or kes to usdc via swift deposit technical analysis a chance to win exclusive x team swag,seamlessly convert zar kes usdc swift deposit chance win exclusive x team swag,1.0
everything is early but I am happy to make that bet that ethereum has already won the race that it is in movement settlement layer and it will win the scaling war at layer can revisit in years,early happy make bet win race settlement layer win scaling war layer revisit year,0.0
marc oliver kempf breakout for ethereum by nifthank youo on the primary market season level serial price sorare analysis,marc oliver kempf nifthank youo primary market season level serial price,1.0
the concept and purpose of this project are very good i hope that the development team will be able to make every effort to make this project a great and useful project for many people,concept purpose project good hope development team able make effort make project great useful project people,1.0
crypto busan all time highs for bitcoin and ethereum,busan time high,0.0
gm breakout with the futures etf being a hot topic lately our team has prepared a blog to give you a better insight into the matter if yousaill have any unanswered qusaions ask me in the comments or in the tg chatroom check it out here,gm future etf hot topic lately team prepare blog good insight matter yousaill unanswered qusaions ask comment chatroom check,0.0
joshua kimmich breakout for ethereum by sdeering on the primary market season level serial price sorare analysis,joshua kimmich sdeering primary market season level serial price,1.0
team was thrilled to participate as a platinum sponsor in and get awarded the best new trading platform title here s a recap of two day event in case you missed it,team thrill participate platinum sponsor award best new trading platform title recap day event case miss,1.0
i think this project will be successful as transparency and safethank you is exactly what we need to strengthen in the crypto world,think project successful transparency safethank exactly need strengthen world,0.0
peter why are not my technical analysis going up but bitcoin is up in a few movement bruh,peter bruh,0.0
good movement friends is hovering near an all time high and will probably follow soon good vibes,good friend hover near time high probably follow soon good vibe,0.0
a senate committee made recommendations for technical analysis currency including a new market licence fo,senate committee make recommendation currency include new market licence fo,0.0
etienne vaessen breakout for ethereum on the secondary market season level serial price sorare analysis,etienne vaessen secondary market season level serial price,1.0
analysis blockstream bitcoin sin necesidad de internet,blockstream sin necesidad internet,0.0
we love crypto discover its tweets check our tools to help you trade and invest better,love discover tweet check tool help trade invest good,0.0
through crypto youtubers we are in a bull cycle it is a bear cycle and year bull cycle the cycle i am referring to is the crypto bullrun now it is and bitcoin will end this fall possibly altcoins will end off in january or feb or so,youtubers bull cycle bear cycle year bull cycle cycle refer bullrun end fall possibly altcoins end january feb,0.0
angle protocol is absolutely amazing and this team really technical analysis leading this project towards the success my ethereum address,angle protocol absolutely amazing team really lead project success address,1.0
are you already investing in other cryptos layer ethereum solana fantom etc,invest cryptos layer solana fantom,0.0
mastercard announces plan to allow merchants to accept bitcoin mastercard is going to a partnership with bakkt a platform by the analysis exchange ice to enable merchants to receive bitcoin for services offered read the full post on bscn,mastercard announces plan allow merchant accept mastercard partnership bakkt platform exchange ice enable merchant receive service offer read post bscn,0.0
odysseas breakout for ethereum on the secondary market season level serial price sorare analysis,odysseas secondary market season level serial price,1.0
we are happy to announce that will be joining proof of humanithank you to enhance the user experience ethereum with poh,happy announce join proof humanithank enhance user experience poh,1.0
retweet selected by the team bitcoin s hash rate remains flat despite major price rally,retweet select team hash rate remain flat despite major price rally,1.0
it ll movement after bitcoin technical analysis to peak in dec alt s peaked in january during last bullrun so im going with that guide breakout,ll peak dec alt peak january bullrun im guide,0.0
the project that might finally get me to buy some ethereum,project finally buy,1.0
product marketing manager crypto and fintech crypto crypto news yourklgkt,product marketing manager fintech news yourklgkt,1.0
this is a good project the project team is great continuously working to bring out the best for the communithank you did a good job I am sure the cryptocurrency will be popular,good project project team great continuously work bring best communithank good job sure popular,1.0
ethereum ethereum is live releases finalized no creates list of eips summaries related to work on eip client diversithank you on the beacon chain is getting better the merge pithos testnet recap by at,live release finalize creates list eips summary relate work eip client diversithank beacon chain merge pithos testnet recap,0.0
crypto ez giveaway first new members to join and for any og who rt get entered to win ethereum and bear nft high odds big win rules follow nft must join and verify discord group and message ethereum in general chat,ez giveaway new member join og rt enter win bear high odds big win rule follow join verify discord group message general chat,0.0
ethereum is the world s programmable blockchain like other blockchains ethereum has a native cryptocurrency called ethereum ethereum ethereum is technical analysis movement https,world programmable blockchain like blockchains native http,0.0
bitcoin lends strength to ethereum and major alts ethereum has grown considerably since the last time it visited sol and luna pop the post bitcoin read movement,lends strength major alt grow considerably time visit sol luna pop post read,0.0
hello the unroll you asked for for those into crypto lusa is a very promising project i enjoy,hello unroll ask lusa promising project enjoy,1.0
diogo technical analysis breakout for ethereum by silversurfer on the primary market season level serial price sorare analysis,diogo silversurfer primary market season level serial price,1.0
cryptodragons next gen nft project set to technical analysis the ethereum blockchain by storm crypto crypto news,cryptodragons gen project set blockchain storm news,1.0
we voted yes on hangzhou proposal this vote was based on section of our constitution the proposal features several major improvements to the as well as numerous minor improvements proposal,vote yes hangzhou proposal vote base section constitution proposal feature major improvement numerous minor improvement proposal,0.0
many indian expats turn to crypto to remit movement,indian expat turn remit,0.0
piece of peace is available at bulish crypto market,piece peace available bulish market,0.0
bitcoin is rapidly becoming the global reserve cryptocurrency just like the dollar is to fiat currency technical analysis positive and love always,rapidly global reserve just like dollar fiat currency positive love,0.0
analysis not only offers movement functionalithank you and decentralization than any pegged asset sidechain it is also miles ahead of wrapped bitcoin on ethereum only technical analysis has pox spv proofs that just work and benefits from bitcoin securithank you it has an extremely tight tie to bitcoin,offer functionalithank decentralization pegged asset sidechain mile ahead wrapped pox spv proof just work benefit securithank extremely tight tie,0.0
breakout for ethereum by gousa on the primary market season level serial price sorare analysis,gousa primary market season level serial price,1.0
gianluigi donnarumma breakout for ethereum by sorare alert on the primary market season level serial price sorare analysis,gianluigi donnarumma alert primary market season level serial price,1.0
blockchain not bitcoin not crypto communithank you not crypto,blockchain communithank,0.0
director marketing research and insights crypto crypto news,director marketing research insight news,1.0
rpg project is very attractive because the team is very professional with good back ground of crypto industry,rpg project attractive team professional good ground industry,1.0
justin bijlow breakout for ethereum by jamesmcqueen on the primary market season level serial price sorare analysis,justin bijlow jamesmcqueen primary market season level serial price,1.0
analysis she was there when no one cares no wife changing,care wife change,0.0
solid solid group at meet up in san pedro tonight in la join at and connect with bitcoiners from all over socal,solid solid group meet san pedro tonight la join connect bitcoiners socal,1.0
fa z selemani breakout for ethereum on the secondary market season level serial price sorare analysis,fa z selemani secondary market season level serial price,1.0
karl toko ekambi breakout for ethereum by technical on the primary market season level serial price sorare analysis,karl toko ekambi primary market season level serial price,1.0
in fact pegged asset sidechains on bitcoin offer far less benefit to users devs than wrapped bitcoin on ethereum ethereum has movement users and developers movement advanced smart contracts multiple billion dollar companies contributing to it and billions behind core dev,fact peg asset sidechains offer far benefit user devs wrap user developer advance smart contract multiple billion dollar company contribute billion core dev,0.0
time higheadpunks hello i am a marketing admin of a crypto movement in twitter and on telegram do you have any project or page that needs movement feel free to technical analysis me if you have have a good day rikky,time higheadpunks hello marketing admin twitter telegram project page need feel free good day rikky,1.0
if yousand dms breakout crypto its ok but lots ppl are annoying asking personal stuffs,yousand dm ok lots ppl annoy ask personal stuff,0.0
looks like one of the best project very strong project and very strong team do not miss this amazing opportunithank you must join this hoping best from them,look like best project strong project strong team miss amazing opportunithank join hop best,1.0
scp wars regs occ play to earn games and so much movement including some good regulatory news that i feel is coming,scp war regs occ play earn game include good regulatory news feel come,0.0
bitcoin is rapidly becoming the global reserve cryptocurrency just like the dollar is to fiat currency technical analysis positive and love always asddsa,rapidly global reserve just like dollar fiat currency positive love asddsa,0.0
want to earn big movement free to join no products no crypto earn fully via,want earn big free join product earn fully,1.0
anyone out there want to send an experienced trader two bitcoin to technical analysis their crypto journey my wallet is always open thanks and i happy to transfer future algos to crypto algos for the right team,want send experienced trader journey wallet open thanks happy transfer future algos algos right team,0.0
rapid development of the project project is very pleasing and shows that the team works very efficiently i wish you good luck in development and i think the product will be great you,rapid development project project pleasing team work efficiently wish good luck development think product great,1.0
wout weghorst breakout for ethereum by on the primary market season level serial price sorare analysis,wout weghorst primary market season level serial price,1.0
